student,score,reason
Alice Example,9,Clear reasoning. Add units to the final answer.
Jordan Example,7,Good setup. Show the intermediate calculation.
Sam Example,10,Complete reasoning and correctly labelled results.
Casey Example,8,Good analysis. Define the variables before using them.
Avery Example,6,Recheck the conversion from seconds to minutes.
Riley Example,9,Strong explanation. Label both axes on the graph.
Morgan Example,7,Correct method. Carry the units through each step.
Taylor Example,8,Clear diagram. State the assumption about flow.
Jamie Example,10,Accurate calculation and a clear interpretation.
Cameron Example,6,Show how the boundary condition is applied.
Drew Example,9,Good derivation. Include the final numerical units.
Quinn Example,8,The result is sound. Explain the sign convention.
Alex Example,7,Use consistent significant figures in the answer.
Parker Example,10,Complete solution with well-supported conclusions.
Reese Example,9,Well organized. Make the final comparison explicit.
Rowan Example,8,Correct approach. Add the missing graph legend.
Hayden Example,6,Check the substitution in the second equation.
Skyler Example,10,Every step is clear and the units are consistent.
Finley Example,7,Explain why the approximation is reasonable.
Charlie Example,9,Strong work. Summarize the result in one sentence.
